{
    "accuracy": 0.9919999837875366,
    "loss": 0.030780605971813202,
    "epochs": 8
}