{
    "accuracy": 0.9927999973297119,
    "loss": 0.02579374425113201,
    "epochs": 8
}