{
    "accuracy": 0.9894000291824341,
    "loss": 0.03732217848300934,
    "epochs": 8
}