{
    "accuracy": 0.989300012588501,
    "loss": 0.0378829725086689,
    "epochs": 8
}